first_name,last_name,age,city,state,email
Vanessa,Erickson,62,East Joshua,Rhode Island,laura49@hotmail.com
Cory,Farmer,75,Courtneystad,Massachusetts,mariomiller@hotmail.com
Cheryl,Smith,98,North Sierra,New Jersey,brandi34@yahoo.com
Mary,Perez,77,East Albert,Vermont,gallowayandres@martinez-freeman.com
Benjamin,Hampton,72,West Paulachester,Iowa,hillcourtney@garcia.org
Patrick,Rollins,30,Smithshire,Indiana,rebecca82@leon.com
Patricia,Watson,84,Meganside,South Dakota,carpenterrenee@gmail.com
Traci,Miller,49,Michelleside,Georgia,james32@meyer.com
Jennifer,Cardenas,19,North Michellefort,California,prios@anderson.com
Jeffrey,Taylor,81,Port Bobbybury,Nevada,james19@hotmail.com
Cameron,Cameron,27,East Nicholas,Kentucky,thomas01@shelton-cherry.com
Christopher,Kelly,73,East Angelabury,Maryland,hawkinsalexis@hotmail.com
Lori,Reyes,29,Port Karen,Georgia,smithbrian@gentry-ramsey.com
Elizabeth,Lloyd,83,South Janiceberg,Massachusetts,harmstrong@ross-hansen.com
Jennifer,Williams,45,Taylorburgh,Oregon,jacquelineharris@williams-hawkins.info
Heather,Smith,70,Andersonchester,California,jblair@hancock.com
Cody,Proctor,94,Ramirezborough,Virginia,robert93@dillon.biz
Victoria,Lyons,56,New Timothy,Ohio,thomasmiller@hotmail.com
Robert,Parker,95,Hillhaven,Minnesota,washingtonsamantha@snyder.info
Kevin,Colon,84,Petersenstad,California,smithjoseph@hotmail.com
Brandi,Robinson,54,New Katherinestad,Florida,kyliebarry@yahoo.com
Christina,Galvan,54,South Stephen,Illinois,lejonathan@gmail.com
Amber,Green,89,North Jacob,Illinois,nealjeffrey@hotmail.com
Shannon,Cervantes,41,New Jimville,Nevada,harringtondeborah@yahoo.com
Janice,Bullock,65,South Christinamouth,Washington,alexanderflores@osborn-herring.com
Seth,Chavez,31,East Martin,Connecticut,tbraun@jordan.org
Christina,Moore,56,Brendabury,Nevada,michaelknapp@roberts-martinez.com
Eric,Fletcher,22,Joneschester,Tennessee,pdennis@gmail.com
Robert,Ramirez,44,Maciastown,Michigan,andrewmartinez@rhodes.com
Dennis,Burke,73,Arthurtown,California,patrick58@gonzalez-rivera.net
Jillian,Wallace,94,Hoganport,Alabama,avilaangela@gmail.com
Stacy,Carr,77,Port Kurt,Maine,kayla61@hotmail.com
Amber,Brooks,58,Danielsfort,Nevada,traci60@hopkins.com
Lori,Pearson,63,North Elizabethton,Ohio,savannah29@gmail.com
Kristi,Sanchez,48,Johnberg,Wisconsin,jamiespence@yahoo.com
James,Gordon,48,New Charlesfurt,Idaho,brianwilson@hotmail.com
Ryan,Evans,79,Stacieborough,Virginia,andrew74@gmail.com
Barbara,Armstrong,66,New Isaacstad,South Dakota,xhardy@butler.info
Frederick,Vazquez,82,Rodriguezville,Michigan,sandersheather@harper.com
Robert,Cannon,32,New Jeffrey,New Jersey,jacksondavid@hotmail.com
Mark,Farmer,23,Lake Tina,Iowa,jared15@dawson-stokes.info
Rebecca,Suarez,100,West Matthew,North Dakota,calvin76@wilson.com
Alexander,Castaneda,73,Lake Diamond,Texas,rward@ortiz-ferguson.org
Nicole,Randolph,91,Clarkmouth,North Dakota,angelaguerra@barrera.info
Jesus,Lee,25,Port Dannyfort,Washington,michelle90@yahoo.com
Mary,Gilmore,96,South Matthew,Minnesota,brandon53@gmail.com
Shane,Robinson,94,North Hayley,Mississippi,kelly22@guzman.com
Todd,Gordon,55,North Rebecca,Tennessee,patrickadkins@house-humphrey.com
Dana,Kennedy,36,Raymondland,Tennessee,morrismegan@webb.com
Duane,Brown,29,Torresfurt,North Dakota,anthonysanchez@vega-mason.com
Jessica,Graham,71,West Rebecca,Delaware,douglassarah@hotmail.com
Randy,Mayo,74,Allisonburgh,Louisiana,williamgonzalez@hotmail.com
Holly,Scott,41,Morrowborough,Massachusetts,brian12@collins.net
Misty,Miller,35,Port David,West Virginia,qharris@gmail.com
Aaron,Edwards,79,New Juan,Minnesota,schmidtheather@yahoo.com
Jessica,Hill,65,North Michaelport,Utah,robbinsapril@jimenez-peterson.com
Tyrone,Chapman,20,Maldonadomouth,Wyoming,duranrobert@lee.com
Kenneth,Miller,50,East Heidiberg,Iowa,michellestrong@yahoo.com
Trevor,Garza,73,Stacymouth,Illinois,jmichael@yahoo.com
Robert,Williams,64,Chavezshire,Alabama,reginald64@gmail.com
Jeffrey,Santiago,94,West Cynthia,Florida,williamsmegan@myers.com
Karen,Franco,33,Lake Joshuaside,Indiana,harristimothy@gmail.com
Todd,Little,48,East Aaron,Mississippi,christopher81@gmail.com
Pamela,David,91,Robertsonberg,Pennsylvania,amanda13@french.net
Elizabeth,Boyd,90,East Nicholas,New York,bwhitaker@yahoo.com
Lucas,Scott,89,Mitchellhaven,Florida,vpeterson@white.info
James,Adams,44,Lynchville,California,jorgebell@golden.org
Colin,Davis,18,West Debbieport,Kentucky,lacey23@gmail.com
Michael,Sanchez,19,Tinaburgh,Rhode Island,jennifer03@mcconnell.com
Lance,Crawford,87,Port Natashaburgh,Kentucky,gregory56@morrison.net
Robert,Allen,43,Lake Heather,South Carolina,rebecca19@goodman-scott.net
Samantha,Heath,65,Meyersburgh,Mississippi,melissagates@franco.net
Michelle,Owens,37,Paulhaven,Tennessee,allisongates@odonnell.com
Kevin,Briggs,48,South Sarahmouth,Georgia,jamesmartinez@gmail.com
Andrew,Sweeney,43,South Barry,Colorado,dbranch@gmail.com
Gregory,Burke,60,Lake Tara,California,gary21@meyers.org
Jasmine,Mcdonald,61,Lake Brandy,Massachusetts,bevans@hotmail.com
Michelle,Valdez,42,Margaretton,Minnesota,guerraashley@yahoo.com
Sharon,Smith,44,Reyesview,Indiana,amywebb@yahoo.com
Vanessa,Duran,63,West Bradley,Illinois,jasonwalter@hubbard-boyd.biz
Thomas,Rodriguez,20,Thomasport,Iowa,paynejeanne@hotmail.com
Tammy,Reyes,48,Williefort,California,idaniel@olsen-patrick.info
David,Thornton,94,Batesburgh,Tennessee,patricia31@castillo-french.org
Jessica,Gutierrez,76,West Christian,Utah,fisherashley@grant.net
Robert,Walker,25,West Robert,New Jersey,eric56@noble.com
Michelle,Williams,93,Mcgeehaven,Illinois,tyoung@yahoo.com
Jade,Peterson,49,Devinville,New York,lori35@hotmail.com
Sarah,Berry,61,South Oliviafurt,New Hampshire,aarondurham@yahoo.com
Stephanie,Alvarado,27,Catherineberg,Massachusetts,stephaniemckinney@mullen-ewing.net
Andrew,Davis,30,Gouldburgh,Massachusetts,alyssawilliams@giles.com
Michelle,Franco,81,East Deborahland,Montana,bryanmayer@blair.com
Vanessa,Sparks,37,East Joshua,Ohio,kurt35@hotmail.com
Edward,Diaz,58,Robertfurt,Oregon,pdean@yahoo.com
Joe,Henry,32,South Rachelborough,Illinois,zferguson@davis.com
Richard,Morales,49,Jacquelineborough,North Dakota,parsonsjennifer@black-walker.net
Joyce,Cortez,49,Potterstad,Wyoming,bwilson@yahoo.com
Kayla,Bartlett,46,Hutchinsonhaven,Washington,vgreene@kirk.com
Bianca,Smith,95,Debrafurt,Colorado,raymondcurry@medina-murphy.info
Jeffrey,Silva,75,Lake Robert,South Carolina,lovefrank@gmail.com
Christina,Olson,48,Woodville,Minnesota,loretta40@stephens.org
Scott,Henry,32,Johnsonmouth,Nebraska,jacqueline29@hotmail.com
Christopher,Williams,37,South Dianaside,Wisconsin,jacquelinearmstrong@davis.com
Andrea,Cruz,52,East Christianland,Utah,hlee@campbell.com
Jocelyn,Mcneil,100,East Shelley,Arizona,jamesking@gmail.com
Alexander,Avila,76,Mendozabury,Montana,shawn54@hotmail.com
Kathleen,Thomas,47,Port Leslie,California,allenmorton@yahoo.com
Jodi,Rodriguez,77,Parkermouth,West Virginia,michael89@gmail.com
Michael,Campbell,27,Port Kyle,Texas,zfinley@yahoo.com
Virginia,Williams,79,West Carla,Arkansas,thomasjefferson@gardner.com
Rebecca,Little,31,New Johnmouth,Maine,vbarnes@day-brown.org
Barbara,Carlson,19,Loriborough,Vermont,across@gmail.com
Robert,Nelson,99,Joshuaport,Minnesota,heatherpierce@barnett.net
Jennifer,Mendoza,64,Estradastad,Indiana,nparker@hotmail.com
Cheryl,King,57,Davisfurt,Delaware,wrightkathy@russell.com
Mary,Pope,28,Port Margaret,West Virginia,carrillokaitlyn@hotmail.com
Leah,Lawson,25,East Amyland,Tennessee,gproctor@harris.net
Matthew,Vaughn,82,Dennisstad,Oregon,santosmary@reynolds-meyer.info
Jeff,Molina,62,Pearsonmouth,Connecticut,fsmith@thompson.com
Kaylee,Vargas,69,Lake Charles,Rhode Island,fsims@yahoo.com
Larry,Green,48,North Rebecca,Kansas,fordjames@meza.org
Darryl,Williams,76,East Brentland,Texas,hullheidi@morales.com
Christina,Walker,78,South Debbiemouth,Mississippi,ckey@rangel-nicholson.com
Tiffany,Jackson,90,Port Nicholasshire,Vermont,zholland@hotmail.com
Julia,Cruz,67,New Jesse,Arkansas,tammystewart@yahoo.com
David,Johnson,48,East Sharon,South Carolina,patriciasmith@sharp.net
Michelle,Olsen,56,Farleyland,California,frankjames@johnston-ortiz.org
Anthony,Bates,65,Robertview,Washington,nathanwilliams@hotmail.com
Gabriela,Cortez,24,Lake Angelaton,California,jessicathomas@burke-hall.com
Mathew,Lewis,28,Hubbardburgh,Vermont,lisa37@hotmail.com
Julia,Barnes,66,New Pamelaburgh,Hawaii,strongandrew@hall-landry.info
William,Patterson,61,Lake Scotthaven,Nebraska,richard10@yahoo.com
Olivia,Moyer,82,North Leslie,Montana,iroberts@kaiser.com
Debra,Drake,94,Heathhaven,South Carolina,clewis@simmons.com
Danielle,Lopez,93,Diazfurt,Nebraska,chad66@hardin.com
Steven,Foster,90,Delgadobury,Alaska,raymondjames@gmail.com
Victor,Massey,33,South Jesse,Massachusetts,sarahhawkins@yahoo.com
Rose,Everett,79,Jessefurt,Colorado,larryrobinson@hotmail.com
Chris,Maldonado,87,New Robertstad,Wyoming,bellandrew@wells-monroe.com
Kathleen,Herring,61,Rebeccamouth,Colorado,heidi00@hotmail.com
Ronald,Fischer,56,Port Sandrachester,Tennessee,chad00@yahoo.com
Cheryl,Lambert,76,Williamschester,Alaska,veronicawheeler@jenkins.com
Rebecca,Rivera,52,Adrianberg,Minnesota,eric45@mendez-lewis.com
Michael,Chavez,87,South Cindyberg,Oregon,stephen96@yahoo.com
Douglas,Anderson,23,Campbellchester,California,roy37@phillips-hudson.net
Shane,Moore,87,New Tammyview,Connecticut,smithsierra@rivera-rosario.org
Reginald,Wilkerson,48,Monicamouth,Michigan,elizabeth98@thomas.net
Rebecca,Williams,71,Mcdanielstad,Wyoming,richardcox@alvarez.net
Theresa,Page,46,Williamsfurt,Colorado,iboyd@jones-collins.biz
Janet,Johnson,83,Perezburgh,Kentucky,michael59@hotmail.com
Megan,Young,60,Lake Eric,Pennsylvania,trevor15@kerr.com
Karen,Erickson,70,Justinhaven,Mississippi,austin76@yahoo.com
Donna,Reid,54,New Randyfort,Maryland,roger50@gmail.com
Jessica,Johnston,21,North Melissa,Nevada,joshuarogers@rodriguez.com
Jennifer,Brennan,94,Harperland,Iowa,brucejennifer@lopez.com
Lisa,Wilson,87,Gregorybury,Georgia,alexisharris@gmail.com
Tara,Mclaughlin,58,Jeffreyside,Idaho,vdyer@gordon-henderson.com
Tracy,Smith,37,Marychester,Alaska,stonedaniel@hotmail.com
Jesus,Wright,18,Elizabethberg,New Mexico,williamhawkins@yahoo.com
Bianca,Mcclure,60,Tammystad,Ohio,cruzian@bell.net
Danielle,Jones,84,Maldonadoport,Tennessee,usharp@gmail.com
Ashley,Dean,65,North Trevorberg,South Dakota,millercrystal@rowe.com
Jose,Wilson,61,Aliciaview,New Jersey,michaelmcguire@rose-smith.com
Jonathan,West,41,West Stevenville,Washington,daniel59@green-rocha.net
Denise,Collins,61,Lambertborough,Hawaii,palmerlauren@gmail.com
Karl,Mcknight,100,Simmonsborough,New Mexico,deannarobinson@brown-nguyen.org
Stephen,Santiago,36,Floydville,North Carolina,fsmith@yahoo.com
Michael,Washington,36,Gonzalezshire,Michigan,christinamorris@hotmail.com
Tamara,Moran,80,South Laura,Illinois,ffernandez@rivera-martin.com
Shawn,Henderson,75,South William,Oregon,josephbradley@gmail.com
Todd,Meadows,100,New Susanside,Delaware,gmccarthy@warren-johnson.com
Ethan,Smith,33,Port Saraside,Nebraska,xroberts@oneal.com
James,Ford,18,Porterborough,North Carolina,david75@brown.biz
Jonathan,Fleming,25,Youngmouth,Florida,jwells@gmail.com
Erin,Dudley,54,Brewerfort,Iowa,charlotteconley@hammond.biz
Monique,Baker,89,New Anthonyfort,North Carolina,huffmanricky@rubio-harmon.net
Dominique,Nunez,35,Brandonville,Utah,jackmorton@summers.biz
Peter,Cruz,40,East Kristinborough,Montana,arodriguez@liu-davenport.biz
Terry,Morrow,49,Jillberg,Nevada,asharp@yahoo.com
Andrea,Robinson,47,Lake Amanda,Michigan,pgreen@yahoo.com
David,Hanna,60,Rileyburgh,Rhode Island,mason37@gmail.com
Austin,Chase,41,Port John,Wyoming,sydneywhite@gmail.com
Shelby,Fields,48,New Bill,Alaska,xhayes@boyer.com
Jamie,Hubbard,83,North Katrina,Hawaii,xharrison@gmail.com
Jesse,Zimmerman,88,North Terriland,Virginia,athompson@jacobs.com
Tiffany,Dixon,49,Brettchester,Montana,oliverkimberly@yahoo.com
Paula,Anderson,72,Stevensshire,Maine,dpearson@hotmail.com
Nancy,Cook,91,Lake Alyssaborough,Maine,rstone@holmes.com
Nicholas,King,87,West Michaelfurt,Arkansas,hturner@white-douglas.info
Matthew,Farrell,71,Brownville,Idaho,dixonmelissa@hotmail.com
Jennifer,Woodward,91,New Catherine,Washington,michaelgomez@fleming.com
Rebecca,Stone,31,East Crystaltown,Nevada,nelsonapril@harris-joseph.net
Tina,Hart,79,West Evelyn,Vermont,alejandrodaniels@henry.com
Samantha,Rodriguez,35,Biancachester,North Carolina,staceysimpson@gmail.com
Bethany,Crawford,44,Port Angela,Missouri,whitneydana@neal-ferguson.com
Edwin,Lewis,67,Jonesbury,Maine,samuelmiller@french.com
Tanner,Brewer,42,West Jesse,California,castroelizabeth@hotmail.com
Natalie,Fernandez,75,Kaylaside,New Jersey,davisshawn@yahoo.com
Stacey,Fitzgerald,48,Markchester,Ohio,abigailgibbs@gmail.com
Edward,Jackson,81,Vincentchester,Iowa,michael95@hotmail.com
Brian,Miller,60,South Kelseystad,North Carolina,evansalexander@moore-pena.com
Tommy,Moore,74,North Jermaineport,Tennessee,simmonsmathew@gmail.com
Antonio,Johnson,70,Candacetown,Pennsylvania,hkim@watkins.net
Danielle,Mcconnell,25,Clementstown,Oregon,donaldbrowning@zimmerman.com
Alicia,Keller,61,Port Audrey,Colorado,urice@sanchez-booker.com
Anthony,Farrell,44,West Julia,New Hampshire,olsenashley@rollins-white.net
Jasmine,Gordon,23,New Feliciaberg,Texas,fclayton@chapman.com
Melissa,Gardner,50,Macdonaldstad,North Carolina,michelle43@goodman.com
Douglas,Duran,34,Boydland,Maine,sandra82@gmail.com
Judith,Erickson,75,Antoniomouth,Alaska,yhayden@case.org
Michael,Davidson,48,Markberg,Arkansas,lorihansen@yahoo.com
Sarah,Ochoa,48,Michaelberg,Kentucky,mturner@jackson-frazier.com
Beth,Johnson,66,Reedton,Nevada,mtapia@donaldson.org
Christopher,Mcdaniel,38,North Lesliemouth,Alabama,combsronald@gmail.com
Kara,Alvarez,50,Garnermouth,Wisconsin,xhall@miller-collins.info
Anna,Moore,54,Murphyton,Rhode Island,stephanieevans@yahoo.com
Pamela,Rodriguez,59,Richardsonside,Indiana,gregorysmith@watson.com
Shannon,Morrison,22,North Victoriaborough,Maine,poperichard@castillo.com
Kelly,Bolton,35,East Justin,Florida,gordontara@parker-carrillo.com
Jonathan,Fernandez,91,New Christopher,Colorado,rushkelly@turner.com
Dawn,Golden,33,Nicholschester,Illinois,alisonduncan@mays.net
Nicolas,Perez,59,Villegasfurt,Tennessee,stevenford@hotmail.com
David,Sanchez,80,South Amandachester,Wisconsin,brendasoto@gmail.com
Angela,Martinez,23,Alvarezfort,Minnesota,josephrobinson@torres.org
Bradley,Johnson,29,Guerrerofort,Alabama,vmartinez@hotmail.com
Brendan,Howard,61,Jessicaland,Wisconsin,vstone@hotmail.com
Rachel,Graham,72,Clarkberg,Washington,tyler72@west.com
Kevin,Murray,87,Port Nichole,Missouri,codyberry@booth.com
Shirley,Simon,61,Jasmineland,West Virginia,james03@yahoo.com
Robert,Hughes,67,Kellyland,Washington,alvarezanthony@hotmail.com
John,Maldonado,34,Wallsmouth,Florida,garciasamantha@williams.com
Chris,Nunez,79,North Corey,New Jersey,zwilliams@cisneros-friedman.com
Maureen,Bullock,95,Amymouth,Hawaii,harringtonchristopher@yahoo.com
Peter,Rios,57,Port James,Nevada,hessnicholas@gmail.com
Peter,Davis,19,Sharpmouth,Missouri,marquezjustin@rice.com
Thomas,Montgomery,27,South Carlos,Illinois,matthew84@smith.biz
Theresa,Eaton,18,Michaelside,North Carolina,thomasanthony@washington.net
Isabel,Garcia,94,North Ashleyburgh,Kentucky,bobby33@yahoo.com
Laura,Harris,24,North Johnland,California,rbarber@hotmail.com
Angela,Chapman,63,Thomaston,Kansas,johntaylor@hotmail.com
Stephen,Young,32,Andradeton,Tennessee,sherry74@ruiz-perry.org
Sandra,Wilson,28,Robertsville,Indiana,karenanderson@fletcher.info
Sabrina,Martin,76,Rachelhaven,Georgia,michele26@galvan.net
Peter,Lewis,96,Andersonland,Vermont,hernandezlarry@smith.info
Kimberly,Knapp,82,Anthonymouth,Wisconsin,xjohnson@walsh-hines.com
Nathaniel,Turner,20,West John,Alaska,debrafreeman@roth.com
Kenneth,Harris,72,Mullinsland,New Hampshire,andrew01@yahoo.com
Ashley,Jackson,35,South Jason,Florida,hheath@gmail.com
Howard,Figueroa,68,Kochtown,North Carolina,evansnicole@watkins.info
Yolanda,Wolfe,70,East Robert,Colorado,dustinmay@rodriguez-davis.com
Pamela,Palmer,53,Randyport,West Virginia,vkramer@reyes.com
Caleb,Martin,55,North Stevenborough,Wisconsin,lewismatthew@gmail.com
Nicholas,Anderson,32,Bryanttown,California,vnguyen@sanchez.net
Brian,Simpson,22,South Kimberlyburgh,Nebraska,amanda81@hotmail.com
Alicia,Henry,86,Oliviamouth,Utah,victor23@hotmail.com
Kayla,Palmer,24,New James,Ohio,sparksleah@yahoo.com
Brian,Shelton,74,Courtneyfort,Arkansas,ugood@simpson.com
Tanya,Clark,29,Kinghaven,Nevada,wfernandez@mclean-carney.biz
Jason,Cruz,89,Marthaview,Vermont,christophergray@gmail.com
Curtis,Long,51,East Connie,Vermont,tamararoman@gmail.com
Heather,Barry,80,Desireeberg,Kentucky,csnow@anderson.com
Cynthia,Kim,69,South Julie,Ohio,brownadam@larson.org
Eric,Peterson,35,Stewartton,Minnesota,swaters@ruiz-hoover.biz
Vincent,Bryant,64,Lake Kaitlynfort,Idaho,fletcherwilliam@hotmail.com
Vincent,Townsend,51,Jamesfurt,Kansas,shaneespinoza@tucker-lamb.info
Angela,Castro,93,Maldonadoshire,Arkansas,jeffrey09@hotmail.com
Elizabeth,Guerrero,98,Dannyfort,Oklahoma,friedmantina@jimenez-morgan.biz
Robert,Greene,33,Brittneybury,Kansas,richardsonbrenda@rodriguez-jefferson.net
Martin,Campos,86,South Jillian,Oklahoma,dixonjulie@hotmail.com
Kevin,Short,34,New Tamaramouth,Pennsylvania,ejackson@gmail.com
Mitchell,Glover,49,North Cody,New York,emiller@montoya-dean.com
Henry,Hill,25,East Monicachester,West Virginia,lesliesmith@hotmail.com
Sarah,Fox,26,Laurenside,Colorado,melissarodriguez@yahoo.com
Vanessa,Perkins,96,South David,Colorado,andrea12@thompson-wiggins.com
Joseph,Clark,59,North Maureen,Wisconsin,joyceramirez@hotmail.com
Stephen,Sims,94,West Erin,Florida,kimberly40@rodriguez.com
Amanda,Keith,72,Jennifershire,Missouri,laurie99@gmail.com
Gregory,Sosa,99,Evansborough,New Jersey,mmorales@hotmail.com
Stacey,Mejia,35,Pooleside,Arkansas,blakeblake@shepherd.com
Jeffrey,Hoffman,26,Brandimouth,Pennsylvania,phyllis30@hotmail.com
Richard,Carr,61,New Joyce,North Carolina,ccruz@foster.com
Rhonda,Dixon,37,East Kristachester,Washington,moniquerhodes@gmail.com
Thomas,Serrano,20,Johnchester,Iowa,gregory21@ford.net
Teresa,Thompson,31,Matthewbury,New York,laurengibson@hotmail.com
Rachael,Fitzgerald,71,Sandraberg,Maine,mwise@gmail.com
Timothy,Faulkner,92,Lawrenceland,Alaska,grichardson@gmail.com
James,Davis,60,North Sarah,Maryland,iswanson@yahoo.com
Jasmine,Johnson,36,Port Kevin,Rhode Island,brownchristopher@sandoval.info
Louis,Carson,87,North Nicolestad,Connecticut,mauricetucker@gmail.com
Nicholas,Brown,75,West Elizabethland,Hawaii,armstronghelen@rodriguez.net
Christopher,Jimenez,51,Jamesberg,Missouri,flong@gmail.com
Brittany,Cole,48,South Theresahaven,Oregon,kimberlyvalencia@kim.com
Katelyn,Lopez,58,Port Tinaborough,West Virginia,joseclark@burch.info
Rebecca,Hoffman,31,North Judy,Montana,harold46@armstrong-garcia.net
Misty,Barnes,26,Lake Ryanchester,Massachusetts,qforbes@stone.com
Susan,Lambert,87,East Kyleville,Massachusetts,jamie88@yoder-burgess.com
Matthew,Mitchell,93,New Amyside,Florida,krystalgonzalez@miller-hudson.com
Jason,Hurst,28,West Bonnie,Colorado,nancymartin@yahoo.com
Mark,Richardson,45,Lake Becky,South Carolina,richard28@bryant.com
Sheila,Frank,45,New Sarahfort,Arkansas,khess@joseph.com
Garrett,Garcia,27,Codyview,Connecticut,kristen43@gmail.com
Kathleen,Sampson,91,Fisherport,Connecticut,davispamela@jackson.com
Donald,Day,84,Matthewshire,South Dakota,chambersrussell@higgins.biz
Emily,Hinton,52,North Jasonfurt,Arkansas,nicholas52@hotmail.com
Nicholas,Hanson,61,East Raymond,New Hampshire,xbriggs@morales.net
Mary,Moore,59,Munozland,Vermont,krussell@gmail.com
Jeanne,Oneal,44,Forbesmouth,West Virginia,melissa15@gmail.com
Andrea,James,39,Lake Stuartville,Louisiana,lindseyscott@payne.biz
Rebecca,Ortega,35,Markmouth,Idaho,tapiaalexis@morales.biz
Blake,Davis,55,Lake Danielmouth,South Dakota,eduardo78@hotmail.com
Gwendolyn,Curry,84,Angelaberg,Tennessee,angel29@richardson.com
Evelyn,Allen,49,Sabrinabury,Arkansas,mnavarro@yahoo.com
Lisa,Richardson,28,Amybury,Tennessee,matthew40@moses.com
Joanne,Hawkins,89,Susanstad,South Dakota,shawrobert@yahoo.com
Jill,Robinson,88,New Amyton,Florida,susanbarry@hanna.info
Melissa,Bailey,26,Milestown,Louisiana,riverstheresa@myers-newton.com
Katherine,Simmons,57,Houstonport,Kentucky,keith91@gmail.com
Daniel,Martinez,45,Sarahmouth,Ohio,tamara56@perez.biz
Matthew,Ruiz,46,Gloriafort,Washington,donaldsilva@hotmail.com
Renee,Leonard,95,Staceybury,Hawaii,brettgutierrez@wise.com
Samuel,Reed,59,New Cynthia,Mississippi,staffordjoseph@zimmerman.net
Justin,Hardy,96,North Kaitlynton,Mississippi,miranda83@hotmail.com
Lori,Weaver,85,Hawkinsside,Connecticut,margaret98@armstrong.com
Marcus,Gibbs,99,Jessicaside,Mississippi,sharonhansen@gmail.com
Brenda,Austin,85,South Melanie,Louisiana,xmoyer@hotmail.com
James,Johnson,74,South Robin,Georgia,staffordjames@gmail.com
Kathy,Black,90,Marshallview,Kansas,vguerrero@hotmail.com
Jodi,Sandoval,50,Lake Sheila,Florida,lindsey22@gmail.com
Allison,Schmidt,48,West Gina,Mississippi,bruce69@mclean.com
Bryan,Hess,98,New Keith,Mississippi,ureed@hotmail.com
Kyle,Lee,83,Thomasstad,Illinois,fryjoshua@vaughn-hill.net
Alexandria,Ramirez,68,North Julietown,Connecticut,pzuniga@jackson.biz
Mike,Kelly,81,Heatherport,Alabama,kscott@ward.com
Anita,Wood,30,Gomezside,South Carolina,samuel05@steele.info
David,Smith,56,Alexandriashire,Colorado,ysnyder@yahoo.com
Tanner,Smith,63,Derekburgh,Illinois,morrisamanda@yahoo.com
James,Stout,97,Lake Johnville,Nebraska,danieljohnston@yahoo.com
Caleb,Park,100,South Abigailberg,New Jersey,todddelgado@lewis-sanchez.com
James,George,33,Alisontown,Kansas,smithterri@hotmail.com
Heather,Collins,40,Lake Jenniferchester,Virginia,juliefox@clark.com
Bruce,Moore,84,Port Lauraville,Wisconsin,sandra37@hotmail.com
Andrea,Graves,90,Hardyhaven,Arizona,alisonwilkins@morse.biz
Michelle,Webster,93,South Sarah,Pennsylvania,tyler89@duran-brown.com
Melanie,Thomas,41,South Anthony,Nebraska,haysray@gmail.com
Luke,Hernandez,69,Lewisborough,Nevada,qelliott@gmail.com
Samuel,Webb,42,Wrighttown,North Carolina,jennifer31@clarke.info
Bailey,Wilkerson,60,North Jacobfort,Delaware,zacharyramirez@gmail.com
Thomas,Foster,66,Byrdberg,Maryland,michael28@duncan.net
Eric,Craig,21,Garciafurt,Virginia,maryjackson@love.biz
Andrea,Carter,21,Morrisfort,Pennsylvania,pterry@bennett-mcintosh.com
Kayla,Jones,91,Kurtton,South Dakota,hmay@rios.com
Courtney,Galloway,26,Sanchezview,California,tross@gmail.com
William,Miller,87,Lake Gerald,Montana,fordruth@yahoo.com
Alex,Ortiz,26,New Danielborough,Arkansas,rebecca43@grant.com
Nicholas,Estrada,33,Smithmouth,Ohio,brendaschmidt@dunn-griffin.info
Jenna,Davenport,76,Port Daniellebury,New Mexico,higginsjoshua@yahoo.com
Darren,Walker,21,Lake John,Louisiana,zimmermanrobert@lawrence.com
Jose,Morrison,42,Port Sarahtown,Maine,connie75@morris-sheppard.com
Stephanie,Vargas,25,New Joseph,Montana,bryantcrystal@yahoo.com
Shari,Lucero,25,Harrisontown,Mississippi,amy37@wilson.info
Ashley,Sanchez,96,Timothyhaven,South Carolina,jessicajones@gmail.com
Michael,Howard,83,East Brendaton,Nebraska,destinyhall@hotmail.com
James,Armstrong,21,Jeffreyton,Alabama,nathan11@herrera-hunt.com
Mark,Thomas,42,Nicolemouth,Michigan,denniswalton@klein-gordon.com
Emily,Freeman,23,Floresfurt,Mississippi,vickieanderson@yahoo.com
Felicia,Sweeney,57,East Thomas,Rhode Island,vwebb@hotmail.com
Tanya,Garcia,69,Cardenasport,West Virginia,alexis91@hartman.biz
George,Romero,28,Grantburgh,Oklahoma,evangarcia@hotmail.com
Sandra,Davis,42,Lake Maryside,Tennessee,janet77@yahoo.com
Kristen,Moody,27,Davidville,New Hampshire,stevenstevens@barker.net
Christopher,Webb,45,South Brianastad,Tennessee,abowers@hotmail.com
James,Burch,52,Woodton,Delaware,estesnatalie@lowery.com
Joseph,Harper,98,Kristenview,Washington,ewalsh@gmail.com
Susan,Mitchell,66,New Willie,New York,brian76@yahoo.com
Kristin,Robinson,21,Brianfurt,New Hampshire,huntsarah@gmail.com
Devon,Middleton,84,Bushchester,Arkansas,lloydshannon@graves.com
Travis,Hernandez,27,Nolanstad,Ohio,smithsean@gmail.com
Maurice,Parks,100,Port Michelle,Alaska,kyu@browning-may.com
Anthony,Becker,75,Lake Meghanport,Indiana,sarahphillips@hotmail.com
Robert,Meyer,73,Ryanborough,Oregon,william97@peterson.com
Meagan,Young,55,New Victoriatown,Pennsylvania,juan72@yahoo.com
Michelle,Miller,93,Gabrielport,Tennessee,dwong@jensen.com
Ashley,Sexton,84,Rachelburgh,Montana,nathan02@gregory.com
Nancy,Turner,72,West Nicholas,Wyoming,michele09@gmail.com
Anne,Richardson,97,Jackiemouth,Hawaii,lorimorrison@gmail.com
Thomas,Miranda,85,Guzmanburgh,Massachusetts,ramirezstephen@riley.com
Neil,Padilla,18,South Jeffery,Utah,emiles@gmail.com
Samantha,Thomas,62,New Veronica,Kentucky,sueyoung@gomez.com
James,Carr,25,Lake Davidland,California,emitchell@gmail.com
Samuel,Kirk,25,Fosterfurt,Nebraska,haley64@gmail.com
Jackie,Franco,40,Port Jessicaton,Delaware,ericgonzalez@ramirez-townsend.com
Jessica,Sandoval,76,Stephanieberg,Texas,wserrano@wagner-collier.com
Michael,Lamb,23,Lake Christopher,Massachusetts,janice15@gmail.com
Christopher,Gillespie,59,South Jacobtown,Washington,jessica02@hardin-mitchell.com
Jennifer,Frederick,79,Saraland,Wisconsin,danielleromero@johnson.biz
Steven,Smith,49,Campbellchester,North Carolina,mcconnellalexandria@jones.info
Ann,Smith,27,North Maria,Hawaii,kedwards@hotmail.com
Linda,Olson,21,Draketown,Ohio,amartin@yahoo.com
Michael,Hines,89,North Connie,Hawaii,zrobinson@hotmail.com
John,Case,40,Castillofort,New Hampshire,daniellegeorge@hotmail.com
Amanda,Noble,51,Lake Cheyenne,North Dakota,landrythomas@lyons-smith.com
Vincent,Bernard,77,Mackstad,Kentucky,idavis@dickerson-castillo.biz
Michelle,Compton,71,Port Rickychester,Nebraska,rhondagibbs@gmail.com
Andre,Garner,46,Garciaburgh,Illinois,tgeorge@monroe-wade.org
Taylor,Alexander,49,East Ebonyfurt,South Carolina,gravesbradley@gmail.com
Maria,Hill,25,West Alexanderfurt,Illinois,umendoza@yahoo.com
David,Jefferson,81,Allenborough,Ohio,amorrison@yahoo.com
Adam,Chen,91,Nguyenburgh,New Jersey,icrosby@yahoo.com
Crystal,Lee,20,Port Rebecca,Maryland,woodspaul@yahoo.com
Charlene,Jones,57,Branditown,Pennsylvania,xpittman@graham-olson.com
Jason,Olson,26,Melindafurt,Tennessee,tina48@horne.info
Anthony,Franklin,85,Danielsmouth,Kansas,ekim@berry.com
Melanie,Stokes,38,Herringtown,Vermont,briley@gmail.com
Joseph,Davis,35,Micheleshire,Illinois,michaelsutton@hodges.info
Karen,Taylor,22,Port Sean,Louisiana,colin86@villegas-watson.org
Heather,Ross,91,East Billy,California,lbrown@yahoo.com
Ethan,Moore,74,Port Joanmouth,Maine,david04@morris.com
Andrea,Quinn,92,Wolftown,Oklahoma,emilygonzalez@mahoney.com
Michelle,Brown,25,Lake Elizabeth,Oregon,nelsonmathew@mitchell.info
Joyce,Singleton,83,East Gwendolyn,Rhode Island,jon69@yahoo.com
David,Leon,52,New Donald,Montana,tmiller@yahoo.com
Scott,Walsh,48,North Nicholas,Georgia,waltersphillip@johnson.com
Leslie,Griffin,30,East Andrew,Virginia,campbellbrittany@hotmail.com
John,Santiago,52,Stephenview,Delaware,phillipsleah@garcia.com
Misty,Hawkins,80,Larsonchester,Massachusetts,lewisheather@york-jenkins.info
Megan,Goodman,27,South Valerie,Mississippi,schoi@henderson.org
Lance,Rose,37,West Danielle,Tennessee,colemanchristopher@anderson.com
Howard,Johnson,80,Kimberlyberg,Louisiana,gonzalezdaniel@hotmail.com
Laura,Martinez,78,Timothyburgh,Louisiana,amanda69@yahoo.com
Christopher,Lopez,36,North Amber,Washington,lisashaw@gmail.com
Heather,Harding,89,South Teresafort,Massachusetts,monicaali@gmail.com
Michele,Garcia,19,Keithberg,Maryland,graykaren@hotmail.com
Tammy,Obrien,30,West Kellytown,Rhode Island,andreasims@yahoo.com
Troy,Kim,64,Burnettstad,Nevada,wooddonald@yahoo.com
Brian,Tucker,73,East Danielle,West Virginia,tburch@gmail.com
Jennifer,Daugherty,56,Haasshire,Alaska,brooke68@hotmail.com
Susan,Jordan,49,Lake Mark,Maryland,kristen48@bridges.net
Alan,Baker,58,Phyllisfurt,Iowa,harrisluis@collins.net
Michael,Sweeney,33,Mcmillanburgh,Florida,karensolis@yahoo.com
David,Lloyd,64,Deniseville,Kentucky,veronica11@flores.net
Jacob,Moody,88,Bakerstad,Alabama,stephaniebrown@yahoo.com
John,Barron,58,Chelseaport,Tennessee,zjones@yahoo.com
Brian,Palmer,28,North Richard,Kansas,jeremy24@schultz-carpenter.biz
David,Hicks,80,Brownfort,Arkansas,aprilschwartz@hotmail.com
Joshua,Cisneros,98,New Lindaville,Idaho,ystewart@hotmail.com
Paul,Murphy,81,South Geraldchester,Hawaii,jparker@yahoo.com
Timothy,Williams,96,West Sara,Maine,wbright@hotmail.com
Mackenzie,Simmons,28,Brownland,Pennsylvania,kristincortez@yahoo.com
Tony,Holloway,60,Deborahstad,Kansas,ygreen@jensen.info
Lori,Cervantes,39,Rebekahberg,Indiana,morganelizabeth@gmail.com
Andrea,Hill,94,Gonzalezstad,Ohio,otownsend@hopkins.info
Jeff,Lopez,19,Bowerston,New Jersey,ganderson@nelson-hernandez.com
Julia,Aguirre,100,Paulchester,New Mexico,zhangkyle@yahoo.com
Timothy,Cervantes,76,West Sandra,Texas,laura37@hotmail.com
Tyler,Henderson,28,North Rhonda,Minnesota,wardtanya@guerra.net
Barbara,Smith,91,East Sarah,Oregon,michelle65@yahoo.com
Joshua,Brown,28,Kinghaven,Pennsylvania,gcampbell@gmail.com
Julie,Hernandez,49,Jasonborough,New York,kimburch@hotmail.com
Amber,Fletcher,88,Longmouth,New Hampshire,fsutton@gmail.com
Amy,Richardson,97,Combsmouth,Michigan,johnsonalex@haley.com
Kayla,Finley,59,New Lisa,Virginia,warrenrobyn@yahoo.com
Shelby,Taylor,61,East Mistyborough,Washington,james34@parrish.com
David,Hoover,35,New Blakestad,Maine,tyleryang@robinson-perry.com
Stephanie,Gonzalez,66,Port Teresa,Indiana,jamesblack@gmail.com
Daniel,Stanley,23,Joneshaven,Rhode Island,nicholas13@hurst-ortiz.com
Carlos,Peterson,54,Lake Greg,New York,mcclaindebra@hicks.com
Stacy,Lee,96,Port Stephanie,New Hampshire,heathermartin@hotmail.com
Amy,Turner,63,Anthonyport,Alaska,shelbylyons@gmail.com
Stacey,Wilson,50,Perryfurt,New Jersey,ronaldgross@guerrero-benitez.org
Jacob,Brown,52,Kathyhaven,Nebraska,blong@braun-holt.com
Daisy,Doyle,67,Andrewchester,Mississippi,molly89@hotmail.com
Brittany,Acevedo,69,Christopherview,Mississippi,berryjeremy@kerr.org
Yolanda,Bennett,37,Port Ryan,New Hampshire,adam62@stein.com
David,Harris,80,Blevinsshire,Missouri,jennifermurray@boyd.info
Diana,Gilbert,62,Port Johnton,Tennessee,michael04@gmail.com
Michael,Bell,25,South Laura,South Dakota,robertwest@melton-aguilar.info
Michael,Koch,84,Port Ryantown,Maryland,anna71@guzman.com
April,Russell,46,North Catherinebury,Illinois,holly50@yahoo.com
Michael,Miller,77,South Travismouth,Montana,pmckee@hudson.info
Cassandra,Rodriguez,33,Mccannborough,Illinois,marc14@yahoo.com
Julie,Jones,81,South Cindystad,Louisiana,frankwolfe@hotmail.com
Scott,Harvey,72,East Jamesborough,Pennsylvania,johnsondavid@moss.com
Michael,Anderson,47,South Juanton,Texas,nbutler@hotmail.com
Jessica,Fisher,50,New Pamelaborough,Alabama,michael03@hanson.biz
Rhonda,Coleman,86,New Ericside,Washington,hreed@hotmail.com
Michaela,Callahan,52,Port Daniellechester,New York,rzhang@gmail.com
Jessica,Petersen,96,North Jennifershire,New York,williambarrett@yahoo.com
Kelly,Bishop,21,Ryanfurt,Kentucky,sellersmelanie@poole-powell.com
Eric,Jackson,20,Timothystad,New Hampshire,kevin35@hotmail.com
Aaron,Ayala,79,North Cathy,Illinois,haysdaniel@gmail.com
David,Shannon,38,Chandlerburgh,West Virginia,alexa38@hotmail.com
Pamela,Cruz,53,Lake Sherry,South Carolina,collierjudith@gmail.com
Stacy,Smith,23,Morganburgh,Maine,scott16@gilmore-tyler.com
Allison,Perez,22,East Russelltown,Hawaii,thomasjackson@farrell.com
Morgan,Turner,63,East Latoyabury,Arkansas,timothyroberts@hotmail.com
John,Rowland,76,Calebmouth,New Hampshire,emccoy@gmail.com
Ashley,Johnson,32,Port Jennifer,Mississippi,petersderek@smith.net
Michael,Rivera,27,Paulview,Virginia,christine99@soto.com
Alyssa,Cunningham,64,Port Ryan,New Mexico,calebperry@gmail.com
Collin,Richard,21,South Sara,Texas,vaughanrebecca@gmail.com
Susan,Leon,26,Harperberg,Virginia,gbowman@yahoo.com
